pid,dc,hd95
corcta,0.3909805119415863,38.837817214004694
