pid,dc,hd95
corcta_adj_contract,0.5153234086540839,28.934290782933797
