pid,dc,hd95
corcta,0.5058088327516113,30.655260665296222
