pid,dc,hd95
corcta_adj_contract,0.39208680649171307,38.37122098928833
