pid,dc,hd95
ID00400637202305055099402,0.8949445966372594,9.61464726238112
ID00405637202308359492977,0.7752029680363862,8.234245713092967
ID00407637202308788732304,0.859845963824719,12.022608677706284
ID00411637202309374271828,0.8812638685714175,14.61118021921118
ID00414637202310318891556,0.8769256797942265,11.643256495684383
ID00417637202310901214011,0.7544064657370265,17.70483127793433
ID00423637202312137826377,0.8431490916330099,13.204613995157056
