pid,dc,hd95
corcta,0.41328577149447354,33.958421033584585
