pid,dc,hd95
corcta_adj_contract,0.4144285544403079,33.61719660678203
