pid,dc,hd95
corcta_adj_contract,0.8578591593354961,1.6631851370875907
