pid,dc,hd95
corcta,0.8522035178146793,2.1739233792013666
