pid,dc,hd95
corcta,0.5813920647951372,32.21993207124141
