pid,dc,hd95
corcta,0.8859113829832187,2.1739233792013666
