pid,dc,hd95
corcta_adj_contract,0.5849807712866002,32.09837681594345
