pid,dc,hd95
corcta_adj_contract,0.8915670245040354,1.6631851370875907
