pid,dc,hd95
ID00400637202305055099402,0.8762352608208779,10.794984721626289
ID00405637202308359492977,0.8184718314501619,7.981235028111534
ID00407637202308788732304,0.8140124559697481,11.703060914420446
ID00411637202309374271828,0.8608673063221969,12.077643641119552
ID00414637202310318891556,0.8571996532852331,14.046908440755024
ID00417637202310901214011,0.7865459494736086,15.784127299926702
ID00423637202312137826377,0.8040783169048114,13.752389751995839
