pid,dc,hd95
corcta,0.4608650125268921,30.655260665296222
