pid,dc,hd95
corcta_adj_contract,0.4741249067814247,28.934290782933797
