pid,dc,hd95
corcta,0.35499329008966823,38.06051594190323
