pid,dc,hd95
corcta_adj_contract,0.3520055454022052,38.80596527448468
