pid,dc,hd95
corcta,0.439502999958893,33.958421033584585
