pid,dc,hd95
corcta_adj_contract,0.45188173796090714,33.61719660678203
