pid,dc,hd95
ID00400637202305055099402,0.883166727265985,10.647189579812656
ID00405637202308359492977,0.7705733408758187,14.602515307085879
ID00407637202308788732304,0.87205768748809,10.846287044842908
ID00411637202309374271828,0.8180726272274333,17.330889158513514
ID00414637202310318891556,0.8296368679623851,17.739490439854734
ID00417637202310901214011,0.7915054860621359,18.27493389104879
ID00423637202312137826377,0.8463586176908496,12.016430533114843
